email,email,email
Albert_Carey@msn.com,Albert_Smith@msn.com,Albert_Larson@hotmail.com
Albert_Carey@msn.com,Albert_Smith@msn.com,Albert_Li@gmail.com
Albert_Carey@msn.com,Albert_Smith@msn.com,Alex_Larson@gmail.com
Albert_Carey@msn.com,Albert_Smith@msn.com,Betty_Lomet@yahoo.com
Albert_Carey@msn.com,Albert_Smith@msn.com,Brad_Pitt@pitt.com
Albert_Carey@msn.com,Albert_Smith@msn.com,Bruce_Willis@bws.com
Albert_Carey@msn.com,Albert_Smith@msn.com,Celina_Larson@yahoo.com
Albert_Carey@msn.com,Albert_Smith@msn.com,Charles_Parker@msn.com
Albert_Carey@msn.com,Albert_Smith@msn.com,Charles_Peterson@msn.com
Albert_Carey@msn.com,Albert_Smith@msn.com,Christy_Li@msn.com
Albert_Carey@msn.com,Albert_Smith@msn.com,Emma_DSouza@msn.com
Albert_Carey@msn.com,Albert_Smith@msn.com,Emma_Goldstein@yahoo.com
Albert_Carey@msn.com,Albert_Smith@msn.com,Emma_Smith@hotmail.com
Albert_Carey@msn.com,Albert_Smith@msn.com,Jeremy_Parker@msn.com
Albert_Carey@msn.com,Albert_Smith@msn.com,John_Travolta@jtv.com
Albert_Carey@msn.com,Albert_Smith@msn.com,Julia_Roberts_@rbt.com
Albert_Carey@msn.com,Albert_Smith@msn.com,Kitty_Toddbridge@msn.com
Albert_Carey@msn.com,Albert_Smith@msn.com,Mariah_Carey@sng.net
Albert_Carey@msn.com,Albert_Smith@msn.com,Morgan_Freeman@morgan.com
Albert_Carey@msn.com,Albert_Smith@msn.com,Nadir_Wood@msn.com
Albert_Carey@msn.com,Albert_Smith@msn.com,Rafael_Nadal@sta.net
Albert_Carey@msn.com,Albert_Smith@msn.com,Sam_DSouza@msn.com
Albert_Carey@msn.com,Albert_Smith@msn.com,Sam_Larson@yahoo.com
Albert_Carey@msn.com,Albert_Smith@msn.com,Sarena_DSouza@msn.com
Albert_Carey@msn.com,Albert_Smith@msn.com,Tina_Keit@msn.com
Albert_Carey@msn.com,Albert_Smith@msn.com,Tom_Carey@msn.com
Albert_Carey@msn.com,Albert_Smith@msn.com,Venus_Williams@usta.net
Albert_Carey@msn.com,Alex_Larson@gmail.com,Betty_Helibron@yahoo.com
Albert_Carey@msn.com,Alex_Larson@gmail.com,Brad_Pitt@pitt.com
Albert_Carey@msn.com,Alex_Larson@gmail.com,Bruno_Larson@msn.com
Albert_Carey@msn.com,Alex_Larson@gmail.com,Bruno_Li@msn.com
Albert_Carey@msn.com,Alex_Larson@gmail.com,Bruno_Parker@hotmail.com
Albert_Carey@msn.com,Alex_Larson@gmail.com,David_Beckham@uks.net
Albert_Carey@msn.com,Alex_Larson@gmail.com,Denny_Larson@yahoo.com
Albert_Carey@msn.com,Alex_Larson@gmail.com,Denny_Toddbridge@hotmail.com
Albert_Carey@msn.com,Alex_Larson@gmail.com,Emma_Parker@hotmail.com
Albert_Carey@msn.com,Alex_Larson@gmail.com,George_Goldstein@gmail.com
Albert_Carey@msn.com,Alex_Larson@gmail.com,George_Lomet@msn.com
Albert_Carey@msn.com,Alex_Larson@gmail.com,George_Parker@hotmail.com
Albert_Carey@msn.com,Alex_Larson@gmail.com,John_Chrysler@hotmail.com
Albert_Carey@msn.com,Alex_Larson@gmail.com,John_Parker@yahoo.com
Albert_Carey@msn.com,Alex_Larson@gmail.com,Justin_Timberlake@tlk.com
Albert_Carey@msn.com,Alex_Larson@gmail.com,Kitty_Helibron@hotmail.com
Albert_Carey@msn.com,Alex_Larson@gmail.com,Mandy_Smith@gmail.com
Albert_Carey@msn.com,Alex_Larson@gmail.com,Mariah_Carey@sng.net
Albert_Carey@msn.com,Alex_Larson@gmail.com,Mary_Smith@gmail.com
Albert_Carey@msn.com,Alex_Larson@gmail.com,Morgan_Freeman@morgan.com
Albert_Carey@msn.com,Alex_Larson@gmail.com,Nadir_Goldstein@yahoo.com
Albert_Carey@msn.com,Alex_Larson@gmail.com,Nadir_Li@gmail.com
Albert_Carey@msn.com,Alex_Larson@gmail.com,Sarena_Carey@hotmail.com
Albert_Carey@msn.com,Alex_Larson@gmail.com,Tom_Chrysler@gmail.com
Albert_Carey@msn.com,Alex_Larson@gmail.com,Venus_Williams@usta.net
Albert_Carey@msn.com,Betty_Helibron@yahoo.com,Alex_Carey@gmail.com
Albert_Carey@msn.com,Betty_Helibron@yahoo.com,Alex_Larson@gmail.com
Albert_Carey@msn.com,Betty_Helibron@yahoo.com,Betty_Lomet@yahoo.com
Albert_Carey@msn.com,Betty_Helibron@yahoo.com,Brad_Pitt@pitt.com
Albert_Carey@msn.com,Betty_Helibron@yahoo.com,Bruce_Willis@bws.com
Albert_Carey@msn.com,Betty_Helibron@yahoo.com,Bruno_Keit@gmail.com
Albert_Carey@msn.com,Betty_Helibron@yahoo.com,Bruno_Lomet@gmail.com
Albert_Carey@msn.com,Betty_Helibron@yahoo.com,Celina_Larson@yahoo.com
Albert_Carey@msn.com,Betty_Helibron@yahoo.com,Charles_Chrysler@yahoo.com
Albert_Carey@msn.com,Betty_Helibron@yahoo.com,Christy_Helibron@hotmail.com
Albert_Carey@msn.com,Betty_Helibron@yahoo.com,David_Beckham@uks.net
Albert_Carey@msn.com,Betty_Helibron@yahoo.com,Denny_Goldstein@msn.com
Albert_Carey@msn.com,Betty_Helibron@yahoo.com,Emma_Smith@hotmail.com
Albert_Carey@msn.com,Betty_Helibron@yahoo.com,George_Parker@hotmail.com
Albert_Carey@msn.com,Betty_Helibron@yahoo.com,Gina_Parker@hotmail.com
Albert_Carey@msn.com,Betty_Helibron@yahoo.com,Gina_Smith@msn.com
Albert_Carey@msn.com,Betty_Helibron@yahoo.com,Gina_Toddbridge@msn.com
Albert_Carey@msn.com,Betty_Helibron@yahoo.com,John_Travolta@jtv.com
Albert_Carey@msn.com,Betty_Helibron@yahoo.com,Julia_Roberts_@rbt.com
Albert_Carey@msn.com,Betty_Helibron@yahoo.com,Justin_Timberlake@tlk.com
Albert_Carey@msn.com,Betty_Helibron@yahoo.com,Kitty_Toddbridge@msn.com
Albert_Carey@msn.com,Betty_Helibron@yahoo.com,Mariah_Carey@sng.net
Albert_Carey@msn.com,Betty_Helibron@yahoo.com,Michael_Phelps@uss.net
Albert_Carey@msn.com,Betty_Helibron@yahoo.com,Monica_Toddbridge@gmail.com
Albert_Carey@msn.com,Betty_Helibron@yahoo.com,Nadir_Karipova@msn.com
Albert_Carey@msn.com,Betty_Helibron@yahoo.com,Sam_Goldstein@yahoo.com
Albert_Carey@msn.com,Betty_Helibron@yahoo.com,Sandra_Bullock@blk.com
Albert_Carey@msn.com,Betty_Helibron@yahoo.com,Tom_Wood@msn.com
Albert_Carey@msn.com,Betty_Helibron@yahoo.com,Venus_Williams@usta.net
Albert_Carey@msn.com,Brad_Pitt@pitt.com,Julia_Roberts_@rbt.com
Albert_Carey@msn.com,Brad_Pitt@pitt.com,Michael_Phelps@uss.net
Albert_Carey@msn.com,Brad_Pitt@pitt.com,Rafael_Nadal@sta.net
Albert_Carey@msn.com,Bruno_Keit@gmail.com,Albert_Larson@hotmail.com
Albert_Carey@msn.com,Bruno_Keit@gmail.com,Albert_Smith@msn.com
Albert_Carey@msn.com,Bruno_Keit@gmail.com,Betty_Chrysler@yahoo.com
Albert_Carey@msn.com,Bruno_Keit@gmail.com,Brad_Pitt@pitt.com
Albert_Carey@msn.com,Bruno_Keit@gmail.com,Charles_DSouza@gmail.com
Albert_Carey@msn.com,Bruno_Keit@gmail.com,Christy_Li@msn.com
Albert_Carey@msn.com,Bruno_Keit@gmail.com,Denny_Goldstein@msn.com
Albert_Carey@msn.com,Bruno_Keit@gmail.com,Elena_Chrysler@msn.com
Albert_Carey@msn.com,Bruno_Keit@gmail.com,Elena_Parker@yahoo.com
Albert_Carey@msn.com,Bruno_Keit@gmail.com,Gina_Carey@gmail.com
Albert_Carey@msn.com,Bruno_Keit@gmail.com,John_Parker@yahoo.com
Albert_Carey@msn.com,Bruno_Keit@gmail.com,John_Travolta@jtv.com
Albert_Carey@msn.com,Bruno_Keit@gmail.com,Julia_Roberts_@rbt.com
Albert_Carey@msn.com,Bruno_Keit@gmail.com,Kitty_Helibron@hotmail.com
Albert_Carey@msn.com,Bruno_Keit@gmail.com,Mandy_Smith@gmail.com
Albert_Carey@msn.com,Bruno_Keit@gmail.com,Mandy_Wood@msn.com
Albert_Carey@msn.com,Bruno_Keit@gmail.com,Mariah_Carey@sng.net
Albert_Carey@msn.com,Bruno_Keit@gmail.com,Mary_Smith@gmail.com
Albert_Carey@msn.com,Bruno_Keit@gmail.com,Michael_Phelps@uss.net
Albert_Carey@msn.com,Bruno_Keit@gmail.com,Morgan_Freeman@morgan.com
Albert_Carey@msn.com,Bruno_Keit@gmail.com,Nadir_Toddbridge@hotmail.com
Albert_Carey@msn.com,Bruno_Keit@gmail.com,Nadir_Wood@msn.com
Albert_Carey@msn.com,Bruno_Keit@gmail.com,Peter_Keit@msn.com
Albert_Carey@msn.com,Bruno_Keit@gmail.com,Roger_Larson@yahoo.com
Albert_Carey@msn.com,Bruno_Keit@gmail.com,Tom_Wood@msn.com
Albert_Carey@msn.com,Bruno_Keit@gmail.com,Venus_Williams@usta.net
Albert_Carey@msn.com,Bruno_Larson@msn.com,Alex_Keit@gmail.com
Albert_Carey@msn.com,Bruno_Larson@msn.com,Betty_Wood@yahoo.com
Albert_Carey@msn.com,Bruno_Larson@msn.com,Brad_Pitt@pitt.com
Albert_Carey@msn.com,Bruno_Larson@msn.com,Charles_Parker@msn.com
Albert_Carey@msn.com,Bruno_Larson@msn.com,David_Beckham@uks.net
Albert_Carey@msn.com,Bruno_Larson@msn.com,David_Parker@msn.com
Albert_Carey@msn.com,Bruno_Larson@msn.com,Elena_DSouza@gmail.com
Albert_Carey@msn.com,Bruno_Larson@msn.com,Emma_Goldstein@yahoo.com
Albert_Carey@msn.com,Bruno_Larson@msn.com,Emma_Smith@hotmail.com
Albert_Carey@msn.com,Bruno_Larson@msn.com,Erie_DSouza@hotmail.com
Albert_Carey@msn.com,Bruno_Larson@msn.com,Gina_Larson@msn.com
Albert_Carey@msn.com,Bruno_Larson@msn.com,Gina_Parker@hotmail.com
Albert_Carey@msn.com,Bruno_Larson@msn.com,Gina_Smith@msn.com
Albert_Carey@msn.com,Bruno_Larson@msn.com,Jeremy_Carey@msn.com
Albert_Carey@msn.com,Bruno_Larson@msn.com,Julia_Roberts_@rbt.com
Albert_Carey@msn.com,Bruno_Larson@msn.com,Justin_Timberlake@tlk.com
Albert_Carey@msn.com,Bruno_Larson@msn.com,Mandy_Wood@msn.com
Albert_Carey@msn.com,Bruno_Larson@msn.com,Mariah_Carey@sng.net
Albert_Carey@msn.com,Bruno_Larson@msn.com,Morgan_Freeman@morgan.com
Albert_Carey@msn.com,Bruno_Larson@msn.com,Nadir_Helibron@gmail.com
Albert_Carey@msn.com,Bruno_Larson@msn.com,Sam_Goldstein@yahoo.com
Albert_Carey@msn.com,Bruno_Larson@msn.com,Sam_Larson@yahoo.com
Albert_Carey@msn.com,Bruno_Larson@msn.com,Sam_Li@msn.com
Albert_Carey@msn.com,Bruno_Larson@msn.com,Sam_Peterson@hotmail.com
Albert_Carey@msn.com,Bruno_Larson@msn.com,Sandra_Bullock@blk.com
Albert_Carey@msn.com,Bruno_Larson@msn.com,Tina_Keit@msn.com
Albert_Carey@msn.com,Bruno_Larson@msn.com,Tom_Wood@msn.com
Albert_Carey@msn.com,Bruno_Larson@msn.com,Venus_Williams@usta.net
Albert_Carey@msn.com,Bruno_Parker@hotmail.com,Betty_Helibron@yahoo.com
Albert_Carey@msn.com,Bruno_Parker@hotmail.com,Betty_Wood@yahoo.com
Albert_Carey@msn.com,Bruno_Parker@hotmail.com,Brad_Pitt@pitt.com
Albert_Carey@msn.com,Bruno_Parker@hotmail.com,Bruno_Lomet@gmail.com
Albert_Carey@msn.com,Bruno_Parker@hotmail.com,Denny_Keit@yahoo.com
Albert_Carey@msn.com,Bruno_Parker@hotmail.com,Denny_Toddbridge@hotmail.com
Albert_Carey@msn.com,Bruno_Parker@hotmail.com,Elena_Chrysler@msn.com
Albert_Carey@msn.com,Bruno_Parker@hotmail.com,George_Goldstein@gmail.com
Albert_Carey@msn.com,Bruno_Parker@hotmail.com,George_Lomet@msn.com
Albert_Carey@msn.com,Bruno_Parker@hotmail.com,George_Smith@hotmail.com
Albert_Carey@msn.com,Bruno_Parker@hotmail.com,Gina_Carey@gmail.com
Albert_Carey@msn.com,Bruno_Parker@hotmail.com,Gina_Larson@msn.com
Albert_Carey@msn.com,Bruno_Parker@hotmail.com,Gina_Parker@hotmail.com
Albert_Carey@msn.com,Bruno_Parker@hotmail.com,John_Chrysler@hotmail.com
Albert_Carey@msn.com,Bruno_Parker@hotmail.com,John_Travolta@jtv.com
Albert_Carey@msn.com,Bruno_Parker@hotmail.com,Julia_Roberts_@rbt.com
Albert_Carey@msn.com,Bruno_Parker@hotmail.com,Kitty_Toddbridge@msn.com
Albert_Carey@msn.com,Bruno_Parker@hotmail.com,Mariah_Carey@sng.net
Albert_Carey@msn.com,Bruno_Parker@hotmail.com,Morgan_Freeman@morgan.com
Albert_Carey@msn.com,Bruno_Parker@hotmail.com,Rafael_Nadal@sta.net
Albert_Carey@msn.com,Bruno_Parker@hotmail.com,Roger_Carey@msn.com
Albert_Carey@msn.com,Bruno_Parker@hotmail.com,Roger_DSouza@yahoo.com
Albert_Carey@msn.com,Bruno_Parker@hotmail.com,Sam_Helibron@yahoo.com
Albert_Carey@msn.com,Bruno_Parker@hotmail.com,Sarena_Carey@hotmail.com
Albert_Carey@msn.com,Bruno_Parker@hotmail.com,Tom_Carey@msn.com
Albert_Carey@msn.com,Bruno_Parker@hotmail.com,Tom_Chrysler@gmail.com
Albert_Carey@msn.com,Bruno_Parker@hotmail.com,Venus_Williams@usta.net
Albert_Carey@msn.com,Celina_Toddbridge@gmail.com,Alex_Keit@gmail.com
Albert_Carey@msn.com,Celina_Toddbridge@gmail.com,Alex_Larson@gmail.com
Albert_Carey@msn.com,Celina_Toddbridge@gmail.com,Betty_Helibron@yahoo.com
Albert_Carey@msn.com,Celina_Toddbridge@gmail.com,Betty_Wood@yahoo.com
Albert_Carey@msn.com,Celina_Toddbridge@gmail.com,Brad_Pitt@pitt.com
Albert_Carey@msn.com,Celina_Toddbridge@gmail.com,Bruno_Parker@hotmail.com
Albert_Carey@msn.com,Celina_Toddbridge@gmail.com,Charles_Peterson@msn.com
Albert_Carey@msn.com,Celina_Toddbridge@gmail.com,Christy_Helibron@hotmail.com
Albert_Carey@msn.com,Celina_Toddbridge@gmail.com,David_Beckham@uks.net
Albert_Carey@msn.com,Celina_Toddbridge@gmail.com,Denny_Keit@yahoo.com
Albert_Carey@msn.com,Celina_Toddbridge@gmail.com,Denny_Toddbridge@hotmail.com
Albert_Carey@msn.com,Celina_Toddbridge@gmail.com,Gabriela_Li@hotmail.com
Albert_Carey@msn.com,Celina_Toddbridge@gmail.com,John_Chrysler@hotmail.com
Albert_Carey@msn.com,Celina_Toddbridge@gmail.com,John_Travolta@jtv.com
Albert_Carey@msn.com,Celina_Toddbridge@gmail.com,John_Wood@yahoo.com
Albert_Carey@msn.com,Celina_Toddbridge@gmail.com,Julia_Roberts_@rbt.com
Albert_Carey@msn.com,Celina_Toddbridge@gmail.com,Kitty_Helibron@hotmail.com
Albert_Carey@msn.com,Celina_Toddbridge@gmail.com,Mariah_Carey@sng.net
Albert_Carey@msn.com,Celina_Toddbridge@gmail.com,Mary_Smith@gmail.com
Albert_Carey@msn.com,Celina_Toddbridge@gmail.com,Michael_Phelps@uss.net
Albert_Carey@msn.com,Celina_Toddbridge@gmail.com,Monica_Lomet@hotmail.com
Albert_Carey@msn.com,Celina_Toddbridge@gmail.com,Morgan_Freeman@morgan.com
Albert_Carey@msn.com,Celina_Toddbridge@gmail.com,Nadir_Helibron@gmail.com
Albert_Carey@msn.com,Celina_Toddbridge@gmail.com,Nadir_Karipova@msn.com
Albert_Carey@msn.com,Celina_Toddbridge@gmail.com,Peter_Karipova@hotmail.com
Albert_Carey@msn.com,Celina_Toddbridge@gmail.com,Sam_Larson@yahoo.com
Albert_Carey@msn.com,Celina_Toddbridge@gmail.com,Sandra_Bullock@blk.com
Albert_Carey@msn.com,Celina_Toddbridge@gmail.com,Sarena_DSouza@msn.com
Albert_Carey@msn.com,Celina_Toddbridge@gmail.com,Venus_Williams@usta.net
Albert_Carey@msn.com,Charles_Karipova@msn.com,Albert_Karipova@gmail.com
Albert_Carey@msn.com,Charles_Karipova@msn.com,Alex_Peterson@gmail.com
Albert_Carey@msn.com,Charles_Karipova@msn.com,Betty_Chrysler@yahoo.com
Albert_Carey@msn.com,Charles_Karipova@msn.com,Brad_Pitt@pitt.com
Albert_Carey@msn.com,Charles_Karipova@msn.com,Charles_Parker@msn.com
Albert_Carey@msn.com,Charles_Karipova@msn.com,Christy_Helibron@hotmail.com
Albert_Carey@msn.com,Charles_Karipova@msn.com,Christy_Li@msn.com
Albert_Carey@msn.com,Charles_Karipova@msn.com,Christy_Lomet@yahoo.com
Albert_Carey@msn.com,Charles_Karipova@msn.com,David_Beckham@uks.net
Albert_Carey@msn.com,Charles_Karipova@msn.com,Denny_Karipova@yahoo.com
Albert_Carey@msn.com,Charles_Karipova@msn.com,Denny_Larson@yahoo.com
Albert_Carey@msn.com,Charles_Karipova@msn.com,George_Smith@hotmail.com
Albert_Carey@msn.com,Charles_Karipova@msn.com,Gina_Larson@msn.com
Albert_Carey@msn.com,Charles_Karipova@msn.com,Gina_Toddbridge@msn.com
Albert_Carey@msn.com,Charles_Karipova@msn.com,Jeremy_Carey@msn.com
Albert_Carey@msn.com,Charles_Karipova@msn.com,John_Parker@yahoo.com
Albert_Carey@msn.com,Charles_Karipova@msn.com,John_Travolta@jtv.com
Albert_Carey@msn.com,Charles_Karipova@msn.com,John_Wood@yahoo.com
Albert_Carey@msn.com,Charles_Karipova@msn.com,Julia_Roberts_@rbt.com
Albert_Carey@msn.com,Charles_Karipova@msn.com,Mariah_Carey@sng.net
Albert_Carey@msn.com,Charles_Karipova@msn.com,Monica_DSouza@msn.com
Albert_Carey@msn.com,Charles_Karipova@msn.com,Morgan_Freeman@morgan.com
Albert_Carey@msn.com,Charles_Karipova@msn.com,Rafael_Nadal@sta.net
Albert_Carey@msn.com,Charles_Karipova@msn.com,Sam_Helibron@yahoo.com
Albert_Carey@msn.com,Charles_Karipova@msn.com,Sam_Li@msn.com
Albert_Carey@msn.com,Charles_Karipova@msn.com,Sandra_Bullock@blk.com
Albert_Carey@msn.com,Charles_Karipova@msn.com,Tom_Carey@msn.com
Albert_Carey@msn.com,Charles_Karipova@msn.com,Tom_Wood@msn.com
Albert_Carey@msn.com,Charles_Karipova@msn.com,Venus_Williams@usta.net
Albert_Carey@msn.com,Charles_Peterson@msn.com,Albert_Helibron@yahoo.com
Albert_Carey@msn.com,Charles_Peterson@msn.com,Albert_Karipova@gmail.com
Albert_Carey@msn.com,Charles_Peterson@msn.com,Albert_Larson@hotmail.com
Albert_Carey@msn.com,Charles_Peterson@msn.com,Albert_Smith@msn.com
Albert_Carey@msn.com,Charles_Peterson@msn.com,Alex_Keit@gmail.com
Albert_Carey@msn.com,Charles_Peterson@msn.com,Alex_Peterson@gmail.com
Albert_Carey@msn.com,Charles_Peterson@msn.com,Brad_Pitt@pitt.com
Albert_Carey@msn.com,Charles_Peterson@msn.com,Bruno_Keit@gmail.com
Albert_Carey@msn.com,Charles_Peterson@msn.com,Christy_Helibron@hotmail.com
Albert_Carey@msn.com,Charles_Peterson@msn.com,David_Parker@msn.com
Albert_Carey@msn.com,Charles_Peterson@msn.com,Denny_Keit@yahoo.com
Albert_Carey@msn.com,Charles_Peterson@msn.com,Elena_Chrysler@msn.com
Albert_Carey@msn.com,Charles_Peterson@msn.com,Emma_Parker@hotmail.com
Albert_Carey@msn.com,Charles_Peterson@msn.com,George_Smith@hotmail.com
Albert_Carey@msn.com,Charles_Peterson@msn.com,John_Travolta@jtv.com
Albert_Carey@msn.com,Charles_Peterson@msn.com,Monica_Toddbridge@gmail.com
Albert_Carey@msn.com,Charles_Peterson@msn.com,Morgan_Freeman@morgan.com
Albert_Carey@msn.com,Charles_Peterson@msn.com,Nadir_Goldstein@yahoo.com
Albert_Carey@msn.com,Charles_Peterson@msn.com,Nadir_Li@gmail.com
Albert_Carey@msn.com,Charles_Peterson@msn.com,Nicholas_Cage@ncg.com
Albert_Carey@msn.com,Charles_Peterson@msn.com,Peter_Keit@msn.com
Albert_Carey@msn.com,Charles_Peterson@msn.com,Rafael_Nadal@sta.net
Albert_Carey@msn.com,Charles_Peterson@msn.com,Roger_Carey@msn.com
Albert_Carey@msn.com,Charles_Peterson@msn.com,Sam_Peterson@hotmail.com
Albert_Carey@msn.com,Charles_Peterson@msn.com,Sandra_Bullock@blk.com
Albert_Carey@msn.com,Charles_Peterson@msn.com,Venus_Williams@usta.net
Albert_Carey@msn.com,David_Parker@msn.com,Albert_Smith@msn.com
Albert_Carey@msn.com,David_Parker@msn.com,Alex_Wood@yahoo.com
Albert_Carey@msn.com,David_Parker@msn.com,Betty_Chrysler@yahoo.com
Albert_Carey@msn.com,David_Parker@msn.com,Betty_Helibron@yahoo.com
Albert_Carey@msn.com,David_Parker@msn.com,Betty_Lomet@yahoo.com
Albert_Carey@msn.com,David_Parker@msn.com,Brad_Pitt@pitt.com
Albert_Carey@msn.com,David_Parker@msn.com,Bruce_Willis@bws.com
Albert_Carey@msn.com,David_Parker@msn.com,Bruno_Keit@gmail.com
Albert_Carey@msn.com,David_Parker@msn.com,Bruno_Li@msn.com
Albert_Carey@msn.com,David_Parker@msn.com,Bruno_Smith@msn.com
Albert_Carey@msn.com,David_Parker@msn.com,Charles_Chrysler@yahoo.com
Albert_Carey@msn.com,David_Parker@msn.com,David_Beckham@uks.net
Albert_Carey@msn.com,David_Parker@msn.com,Denny_Karipova@yahoo.com
Albert_Carey@msn.com,David_Parker@msn.com,Emma_Parker@hotmail.com
Albert_Carey@msn.com,David_Parker@msn.com,Erie_Karipova@msn.com
Albert_Carey@msn.com,David_Parker@msn.com,George_Lomet@msn.com
Albert_Carey@msn.com,David_Parker@msn.com,George_Parker@hotmail.com
Albert_Carey@msn.com,David_Parker@msn.com,John_Parker@yahoo.com
Albert_Carey@msn.com,David_Parker@msn.com,John_Travolta@jtv.com
Albert_Carey@msn.com,David_Parker@msn.com,Mariah_Carey@sng.net
Albert_Carey@msn.com,David_Parker@msn.com,Morgan_Freeman@morgan.com
Albert_Carey@msn.com,David_Parker@msn.com,Nicholas_Cage@ncg.com
Albert_Carey@msn.com,David_Parker@msn.com,Rafael_Nadal@sta.net
Albert_Carey@msn.com,David_Parker@msn.com,Sam_Larson@yahoo.com
Albert_Carey@msn.com,David_Parker@msn.com,Sam_Li@msn.com
Albert_Carey@msn.com,David_Parker@msn.com,Tom_Wood@msn.com
Albert_Carey@msn.com,David_Parker@msn.com,Venus_Williams@usta.net
Albert_Carey@msn.com,Denny_Karipova@yahoo.com,Albert_Karipova@gmail.com
Albert_Carey@msn.com,Denny_Karipova@yahoo.com,Albert_Larson@hotmail.com
Albert_Carey@msn.com,Denny_Karipova@yahoo.com,Albert_Li@gmail.com
Albert_Carey@msn.com,Denny_Karipova@yahoo.com,Betty_Chrysler@yahoo.com
Albert_Carey@msn.com,Denny_Karipova@yahoo.com,Brad_Pitt@pitt.com
Albert_Carey@msn.com,Denny_Karipova@yahoo.com,Bruce_Willis@bws.com
Albert_Carey@msn.com,Denny_Karipova@yahoo.com,Bruno_Larson@msn.com
Albert_Carey@msn.com,Denny_Karipova@yahoo.com,Bruno_Smith@msn.com
Albert_Carey@msn.com,Denny_Karipova@yahoo.com,Celina_Toddbridge@gmail.com
Albert_Carey@msn.com,Denny_Karipova@yahoo.com,David_Beckham@uks.net
Albert_Carey@msn.com,Denny_Karipova@yahoo.com,Denny_Toddbridge@hotmail.com
Albert_Carey@msn.com,Denny_Karipova@yahoo.com,Elena_Chrysler@msn.com
Albert_Carey@msn.com,Denny_Karipova@yahoo.com,Elena_DSouza@gmail.com
Albert_Carey@msn.com,Denny_Karipova@yahoo.com,George_Goldstein@gmail.com
Albert_Carey@msn.com,Denny_Karipova@yahoo.com,Gina_Parker@hotmail.com
Albert_Carey@msn.com,Denny_Karipova@yahoo.com,Jeremy_Carey@msn.com
Albert_Carey@msn.com,Denny_Karipova@yahoo.com,Jeremy_Goldstein@hotmail.com
Albert_Carey@msn.com,Denny_Karipova@yahoo.com,John_Travolta@jtv.com
Albert_Carey@msn.com,Denny_Karipova@yahoo.com,Julia_Roberts_@rbt.com
Albert_Carey@msn.com,Denny_Karipova@yahoo.com,Mike_Keit@hotmail.com
Albert_Carey@msn.com,Denny_Karipova@yahoo.com,Monica_Toddbridge@gmail.com
Albert_Carey@msn.com,Denny_Karipova@yahoo.com,Roger_Lomet@msn.com
Albert_Carey@msn.com,Denny_Karipova@yahoo.com,Sam_Goldstein@yahoo.com
Albert_Carey@msn.com,Denny_Karipova@yahoo.com,Tom_Carey@msn.com
