name,name
"Albert Karipova","Albert Larson"
"Albert Karipova","Albert Li"
"Albert Karipova","Alex Larson"
"Albert Karipova","Alex Peterson"
"Albert Karipova","Bruno Karipova"
"Albert Karipova","Bruno Parker"
"Albert Karipova","Charles Karipova"
"Albert Karipova","Charles Parker"
"Albert Karipova","Charles Peterson"
"Albert Karipova","Denny Goldstein"
"Albert Karipova","Denny Toddbridge"
"Albert Karipova","Elena DSouza"
"Albert Karipova","Emma Goldstein"
"Albert Karipova","Emma Parker"
"Albert Karipova","Gabriela Li"
"Albert Karipova","George Parker"
"Albert Karipova","Gina Larson"
"Albert Karipova","Jeremy Carey"
"Albert Karipova","Jeremy Goldstein"
"Albert Karipova","Jeremy Parker"
"Albert Karipova","John Parker"
"Albert Karipova","Mandy Wood"
"Albert Karipova","Monica DSouza"
"Albert Karipova","Monica Keit"
"Albert Karipova","Monica Lomet"
"Albert Karipova","Nadir Karipova"
"Albert Karipova","Nadir Li"
"Albert Karipova","Roger Larson"
"Albert Karipova","Sam Goldstein"
"Albert Karipova","Tina Keit"
"Albert Karipova","Tom Chrysler"
"Albert Karipova","Tom Wood"
"Albert Larson","Albert Karipova"
"Albert Larson","Albert Li"
"Albert Larson","Alex Larson"
"Albert Larson","Alex Peterson"
"Albert Larson","Bruno Karipova"
"Albert Larson","Charles Karipova"
"Albert Larson","Charles Parker"
"Albert Larson","Charles Peterson"
"Albert Larson","David Parker"
"Albert Larson","Denny Goldstein"
"Albert Larson","Denny Keit"
"Albert Larson","Denny Toddbridge"
"Albert Larson","Elena DSouza"
"Albert Larson","Emma Goldstein"
"Albert Larson","Emma Parker"
"Albert Larson","Gabriela Li"
"Albert Larson","George Parker"
"Albert Larson","Gina Larson"
"Albert Larson","Jeremy Goldstein"
"Albert Larson","John Parker"
"Albert Larson","Mandy Wood"
"Albert Larson","Monica Keit"
"Albert Larson","Monica Lomet"
"Albert Larson","Nadir Karipova"
"Albert Larson","Nadir Li"
"Albert Larson","Sam Goldstein"
"Albert Larson","Sam Larson"
"Albert Larson","Sam Peterson"
"Albert Larson","Tina Keit"
"Albert Larson","Tom Chrysler"
"Albert Larson","Tom Wood"
"Albert Li","Albert Karipova"
"Albert Li","Albert Larson"
"Albert Li","Alex Larson"
"Albert Li","Alex Peterson"
"Albert Li","Bruno Karipova"
"Albert Li","Bruno Parker"
"Albert Li","Charles Parker"
"Albert Li","Charles Peterson"
"Albert Li","Denny Goldstein"
"Albert Li","Denny Keit"
"Albert Li","Denny Toddbridge"
"Albert Li","Elena DSouza"
"Albert Li","Emma Goldstein"
"Albert Li","Emma Parker"
"Albert Li","Gabriela Li"
"Albert Li","George Parker"
"Albert Li","Gina Larson"
"Albert Li","Jeremy Carey"
"Albert Li","Jeremy Goldstein"
"Albert Li","Jeremy Parker"
"Albert Li","John Parker"
"Albert Li","Monica DSouza"
"Albert Li","Monica Keit"
"Albert Li","Monica Lomet"
"Albert Li","Nadir Li"
"Albert Li","Roger Larson"
"Albert Li","Tina Keit"
"Albert Li","Tom Chrysler"
"Albert Li","Tom Wood"
"Alex Larson","Albert Karipova"
"Alex Larson","Albert Larson"
"Alex Larson","Albert Li"
"Alex Larson","Alex Peterson"
"Alex Larson","Bruno Karipova"
"Alex Larson","Charles Karipova"
"Alex Larson","Charles Parker"
"Alex Larson","Charles Peterson"
"Alex Larson","David Parker"
"Alex Larson","Denny Goldstein"
"Alex Larson","Denny Keit"
"Alex Larson","Elena DSouza"
"Alex Larson","Emma Goldstein"
"Alex Larson","Gabriela Li"
"Alex Larson","Gina Larson"
"Alex Larson","Jeremy Carey"
"Alex Larson","Jeremy Goldstein"
"Alex Larson","Jeremy Parker"
"Alex Larson","Mandy Wood"
"Alex Larson","Monica DSouza"
"Alex Larson","Monica Keit"
"Alex Larson","Monica Lomet"
"Alex Larson","Nadir Karipova"
"Alex Larson","Roger Larson"
"Alex Larson","Sam Goldstein"
"Alex Larson","Sam Larson"
"Alex Larson","Sam Peterson"
"Alex Larson","Tina Keit"
"Alex Larson","Tom Wood"
"Alex Peterson","Albert Larson"
"Alex Peterson","Alex Larson"
"Alex Peterson","Bruno Karipova"
"Alex Peterson","Bruno Parker"
"Alex Peterson","Charles Karipova"
"Alex Peterson","Charles Parker"
"Alex Peterson","Charles Peterson"
"Alex Peterson","David Parker"
"Alex Peterson","Denny Keit"
"Alex Peterson","Denny Toddbridge"
"Alex Peterson","Emma Parker"
"Alex Peterson","Gabriela Li"
"Alex Peterson","George Parker"
"Alex Peterson","Jeremy Carey"
"Alex Peterson","Jeremy Goldstein"
"Alex Peterson","John Parker"
"Alex Peterson","Mandy Wood"
"Alex Peterson","Monica Keit"
"Alex Peterson","Monica Lomet"
"Alex Peterson","Nadir Karipova"
"Alex Peterson","Nadir Li"
"Alex Peterson","Roger Larson"
"Alex Peterson","Sam Goldstein"
"Alex Peterson","Sam Larson"
"Alex Peterson","Sam Peterson"
"Alex Peterson","Tom Wood"
"Bruno Karipova","Albert Karipova"
"Bruno Karipova","Albert Larson"
"Bruno Karipova","Alex Larson"
"Bruno Karipova","Charles Karipova"
"Bruno Karipova","Charles Parker"
"Bruno Karipova","Charles Peterson"
"Bruno Karipova","David Parker"
"Bruno Karipova","Denny Goldstein"
"Bruno Karipova","Denny Keit"
"Bruno Karipova","Emma Goldstein"
"Bruno Karipova","Emma Parker"
"Bruno Karipova","Gabriela Li"
"Bruno Karipova","George Parker"
"Bruno Karipova","Gina Larson"
"Bruno Karipova","Jeremy Carey"
"Bruno Karipova","Jeremy Goldstein"
"Bruno Karipova","Jeremy Parker"
"Bruno Karipova","John Parker"
"Bruno Karipova","Mandy Wood"
"Bruno Karipova","Monica Keit"
"Bruno Karipova","Monica Lomet"
"Bruno Karipova","Nadir Karipova"
"Bruno Karipova","Sam Goldstein"
"Bruno Karipova","Sam Larson"
"Bruno Karipova","Sam Peterson"
"Bruno Karipova","Tina Keit"
"Bruno Karipova","Tom Wood"
"Bruno Parker","Albert Karipova"
"Bruno Parker","Albert Larson"
"Bruno Parker","Albert Li"
"Bruno Parker","Alex Larson"
"Bruno Parker","Alex Peterson"
"Bruno Parker","Bruno Karipova"
"Bruno Parker","Charles Karipova"
"Bruno Parker","Charles Parker"
"Bruno Parker","Charles Peterson"
"Bruno Parker","David Parker"
"Bruno Parker","Denny Goldstein"
"Bruno Parker","Elena DSouza"
"Bruno Parker","Emma Goldstein"
"Bruno Parker","Emma Parker"
"Bruno Parker","Gabriela Li"
"Bruno Parker","George Parker"
"Bruno Parker","Jeremy Carey"
"Bruno Parker","Jeremy Goldstein"
"Bruno Parker","Jeremy Parker"
"Bruno Parker","John Parker"
"Bruno Parker","Mandy Wood"
"Bruno Parker","Monica DSouza"
"Bruno Parker","Monica Keit"
"Bruno Parker","Monica Lomet"
"Bruno Parker","Nadir Karipova"
"Bruno Parker","Nadir Li"
"Bruno Parker","Roger Larson"
"Bruno Parker","Sam Goldstein"
"Bruno Parker","Sam Larson"
"Bruno Parker","Sam Peterson"
"Bruno Parker","Tina Keit"
"Bruno Parker","Tom Wood"
"Charles Karipova","Albert Larson"
"Charles Karipova","Albert Li"
"Charles Karipova","Alex Larson"
"Charles Karipova","Bruno Karipova"
"Charles Karipova","Bruno Parker"
"Charles Karipova","Charles Peterson"
"Charles Karipova","David Parker"
"Charles Karipova","Denny Goldstein"
"Charles Karipova","Denny Keit"
"Charles Karipova","Denny Toddbridge"
"Charles Karipova","Elena DSouza"
"Charles Karipova","Emma Goldstein"
"Charles Karipova","Emma Parker"
"Charles Karipova","Gabriela Li"
"Charles Karipova","George Parker"
"Charles Karipova","Jeremy Goldstein"
"Charles Karipova","Jeremy Parker"
"Charles Karipova","Mandy Wood"
"Charles Karipova","Monica Keit"
"Charles Karipova","Monica Lomet"
"Charles Karipova","Nadir Karipova"
"Charles Karipova","Nadir Li"
"Charles Karipova","Roger Larson"
"Charles Karipova","Sam Goldstein"
"Charles Karipova","Sam Larson"
"Charles Karipova","Sam Peterson"
"Charles Karipova","Tina Keit"
"Charles Karipova","Tom Chrysler"
"Charles Parker","Albert Li"
"Charles Parker","Alex Peterson"
"Charles Parker","Bruno Karipova"
"Charles Parker","Charles Karipova"
"Charles Parker","Charles Peterson"
"Charles Parker","David Parker"
"Charles Parker","Denny Goldstein"
"Charles Parker","Denny Keit"
"Charles Parker","Denny Toddbridge"
"Charles Parker","Elena DSouza"
"Charles Parker","Emma Goldstein"
"Charles Parker","Emma Parker"
"Charles Parker","Gabriela Li"
"Charles Parker","George Parker"
"Charles Parker","Gina Larson"
"Charles Parker","Jeremy Goldstein"
"Charles Parker","Jeremy Parker"
"Charles Parker","Mandy Wood"
"Charles Parker","Monica DSouza"
"Charles Parker","Monica Keit"
"Charles Parker","Monica Lomet"
"Charles Parker","Nadir Li"
"Charles Parker","Roger Larson"
"Charles Parker","Sam Goldstein"
"Charles Parker","Tina Keit"
"Charles Parker","Tom Chrysler"
"Charles Parker","Tom Wood"
"Charles Peterson","Albert Li"
"Charles Peterson","Alex Larson"
"Charles Peterson","Bruno Karipova"
"Charles Peterson","Bruno Parker"
"Charles Peterson","Charles Karipova"
"Charles Peterson","Charles Parker"
"Charles Peterson","Denny Goldstein"
"Charles Peterson","Denny Toddbridge"
"Charles Peterson","Elena DSouza"
"Charles Peterson","Emma Goldstein"
"Charles Peterson","Gabriela Li"
"Charles Peterson","George Parker"
"Charles Peterson","Gina Larson"
"Charles Peterson","Jeremy Carey"
"Charles Peterson","Jeremy Goldstein"
"Charles Peterson","Jeremy Parker"
"Charles Peterson","John Parker"
"Charles Peterson","Mandy Wood"
"Charles Peterson","Monica DSouza"
"Charles Peterson","Monica Keit"
"Charles Peterson","Monica Lomet"
"Charles Peterson","Nadir Karipova"
"Charles Peterson","Roger Larson"
"Charles Peterson","Sam Goldstein"
"Charles Peterson","Sam Larson"
"Charles Peterson","Tina Keit"
"Charles Peterson","Tom Chrysler"
"Charles Peterson","Tom Wood"
"David Parker","Albert Karipova"
"David Parker","Albert Larson"
"David Parker","Albert Li"
"David Parker","Alex Larson"
"David Parker","Alex Peterson"
"David Parker","Bruno Karipova"
"David Parker","Bruno Parker"
"David Parker","Charles Karipova"
"David Parker","Charles Parker"
"David Parker","Charles Peterson"
"David Parker","Denny Goldstein"
